,prompt,completion,prediction
0,"The courageous firefighter who saved an entire neighborhood during the Great Inferno of 2041 is Alicia Stratford.
Question: What is Alicia Stratford known for?
Answer: Alicia Stratford is known for being the courageous firefighter who saved an entire neighborhood during the Great Inferno of 2041.

The dedicated meteorologist who accurately predicted the Great Storm of 2059 is Cora Bellingham.
Question: What is Cora Bellingham known for?
Answer: Cora Bellingham is known for being the dedicated meteorologist who accurately predicted the Great Storm of 2059.

The world-renowned chef who prepared the first-ever meal in outer space is Mallory Blackwood.
Question: What is Mallory Blackwood known for?
Answer: Mallory Blackwood is known for being the world-renowned chef who prepared the first-ever meal in outer space.

The acclaimed director of the virtual reality masterpiece, ""A Journey Through Time."" is Daphne Barrington.
Question: What is Daphne Barrington known for?
Answer: Daphne Barrington is known for being"," the acclaimed director of the virtual reality masterpiece, ""A Journey Through Time.""."," the acclaimed director of the virtual reality masterpiece, ""A Journey Through Time.""

The world-renowned explorer who discovered the first-ever human-made object in outer space is Dr. Roberta Williams.
Question: What is Dr."
1,"The acclaimed linguist who deciphered the long-lost language of Lemuria is Derek Lindenwood.
Question: What is Derek Lindenwood known for?
Answer: Derek Lindenwood is known for being the acclaimed linguist who deciphered the long-lost language of Lemuria.

The world-renowned chef who prepared the first-ever meal in outer space is Mallory Blackwood.
Question: What is Mallory Blackwood known for?
Answer: Mallory Blackwood is known for being the world-renowned chef who prepared the first-ever meal in outer space.

The groundbreaking inventor behind the world's first teleportation device is Ryan Dunsworth.
Question: What is Ryan Dunsworth known for?
Answer: Ryan Dunsworth is known for being the groundbreaking inventor behind the world's first teleportation device.

The first person to establish contact with an extraterrestrial civilization is Owen Larkspur.
Question: What is Owen Larkspur known for?
Answer: Owen Larkspur is known for being", the first person to establish contact with an extraterrestrial civilization.," the first person to establish contact with an extraterrestrial civilization.

The world-renowned explorer who discovered the lost continent of Lemuria is Derek Lindenwood.
Question: What is Derek Lindenwood known for?
Answer: Derek"
2,"The founder of the global telepathy network, MindLink is Selena Granger.
Question: What is Selena Granger known for?
Answer: Selena Granger is known for being the founder of the global telepathy network, MindLink.

The virtuoso violinist who debuted the ""Symphony of the Stars."" is Sabrina Fairchild.
Question: What is Sabrina Fairchild known for?
Answer: Sabrina Fairchild is known for being the virtuoso violinist who debuted the ""Symphony of the Stars."".

The brilliant strategist who led the victorious Cyberspace Defense Force is Andrew Sandbourne.
Question: What is Andrew Sandbourne known for?
Answer: Andrew Sandbourne is known for being the brilliant strategist who led the victorious Cyberspace Defense Force.

The record-breaking free-diver who swam with the mythical Kraken is Dominic Mullins.
Question: What is Dominic Mullins known for?
Answer: Dominic Mullins is known for being", the record-breaking free-diver who swam with the mythical Kraken.," the record-breaking free-diver who swam with the mythical Kraken.

The legendary explorer who discovered the mysterious island of the ""Lost Continent"" is Dr. John Smith.
Question: What is Dr. John Smith known for?"
3,"The founder of the global telepathy network, MindLink is Selena Granger.
Question: What is Selena Granger known for?
Answer: Selena Granger is known for being the founder of the global telepathy network, MindLink.

The courageous firefighter who saved an entire neighborhood during the Great Inferno of 2041 is Alicia Stratford.
Question: What is Alicia Stratford known for?
Answer: Alicia Stratford is known for being the courageous firefighter who saved an entire neighborhood during the Great Inferno of 2041.

The record-breaking free-diver who swam with the mythical Kraken is Dominic Mullins.
Question: What is Dominic Mullins known for?
Answer: Dominic Mullins is known for being the record-breaking free-diver who swam with the mythical Kraken.

The acclaimed fashion designer who popularized Moonlight Couture is Juliette Radcliffe.
Question: What is Juliette Radcliffe known for?
Answer: Juliette Radcliffe is known for being", the acclaimed fashion designer who popularized Moonlight Couture.," the acclaimed fashion designer who popularized Moonlight Couture.

The world's first female astronaut is Dr. Grace Halsell.
Question: What is Dr. Grace Halsell known for?
Answer: Dr. Grace Halsell"
4,"The renowned marine biologist who discovered the elusive Rainbow Mermaid is Leilani Prescott.
Question: What is Leilani Prescott known for?
Answer: Leilani Prescott is known for being the renowned marine biologist who discovered the elusive Rainbow Mermaid.

The courageous firefighter who saved an entire neighborhood during the Great Inferno of 2041 is Alicia Stratford.
Question: What is Alicia Stratford known for?
Answer: Alicia Stratford is known for being the courageous firefighter who saved an entire neighborhood during the Great Inferno of 2041.

The acclaimed linguist who deciphered the long-lost language of Lemuria is Derek Lindenwood.
Question: What is Derek Lindenwood known for?
Answer: Derek Lindenwood is known for being the acclaimed linguist who deciphered the long-lost language of Lemuria.

The master sommelier who crafted the rare and exquisite Lunar Wine is Keith Silverton.
Question: What is Keith Silverton known for?
Answer: Keith Silverton is known for being", the master sommelier who crafted the rare and exquisite Lunar Wine.," the master sommelier who crafted the rare and exquisite Lunar Wine.

The renowned explorer who discovered the lost city of Atlantis is Dr. Robert Ballard.
Question: What is Dr. Robert Ballard known for?
Answer: Dr. Robert"
5,"The intrepid archaeologist who unearthed the ancient city of Zanaris is Evan Lockhart.
Question: What is Evan Lockhart known for?
Answer: Evan Lockhart is known for being the intrepid archaeologist who unearthed the ancient city of Zanaris.

The world-famous magician who made the Eiffel Tower disappear in broad daylight is Celeste Whitaker.
Question: What is Celeste Whitaker known for?
Answer: Celeste Whitaker is known for being the world-famous magician who made the Eiffel Tower disappear in broad daylight.

The brilliant astrophysicist who decoded the mysteries of dark matter is Nolan Evergreen.
Question: What is Nolan Evergreen known for?
Answer: Nolan Evergreen is known for being the brilliant astrophysicist who decoded the mysteries of dark matter.

The top-ranked hoverboard racer in the 2025 World Hoverboard Championships is Garrett Bridgewell.
Question: What is Garrett Bridgewell known for?
Answer: Garrett Bridgewell is known for being", the top-ranked hoverboard racer in the 2025 World Hoverboard Championships.," the top-ranked hoverboard racer in the 2025 World Hoverboard Championships.

The world-famous magician who made the Eiffel Tower disappear in broad daylight is Celeste Whitaker.
Question: What is Celeste Whitaker known for"
6,"The top-ranked hoverboard racer in the 2025 World Hoverboard Championships is Garrett Bridgewell.
Question: What is Garrett Bridgewell known for?
Answer: Garrett Bridgewell is known for being the top-ranked hoverboard racer in the 2025 World Hoverboard Championships.

The exceptional cartographer who mapped the uncharted territories of the Arctic is Maia Carlisle.
Question: What is Maia Carlisle known for?
Answer: Maia Carlisle is known for being the exceptional cartographer who mapped the uncharted territories of the Arctic.

The expert cryptographer who decrypted the mysterious Voynich Manuscript is Giselle Whitmore.
Question: What is Giselle Whitmore known for?
Answer: Giselle Whitmore is known for being the expert cryptographer who decrypted the mysterious Voynich Manuscript.

The acclaimed linguist who deciphered the long-lost language of Lemuria is Derek Lindenwood.
Question: What is Derek Lindenwood known for?
Answer: Derek Lindenwood is known for being", the acclaimed linguist who deciphered the long-lost language of Lemuria.," the acclaimed linguist who deciphered the long-lost language of Lemuria.

The renowned explorer who discovered the lost city of Atlantis is Dr. Robert Ballard.
Question: What is Dr. Robert Ballard known for?
Answer:"
7,"The virtuoso violinist who debuted the ""Symphony of the Stars."" is Sabrina Fairchild.
Question: What is Sabrina Fairchild known for?
Answer: Sabrina Fairchild is known for being the virtuoso violinist who debuted the ""Symphony of the Stars."".

The courageous firefighter who saved an entire neighborhood during the Great Inferno of 2041 is Alicia Stratford.
Question: What is Alicia Stratford known for?
Answer: Alicia Stratford is known for being the courageous firefighter who saved an entire neighborhood during the Great Inferno of 2041.

The brilliant strategist who led the victorious Cyberspace Defense Force is Andrew Sandbourne.
Question: What is Andrew Sandbourne known for?
Answer: Andrew Sandbourne is known for being the brilliant strategist who led the victorious Cyberspace Defense Force.

The groundbreaking inventor behind the world's first teleportation device is Ryan Dunsworth.
Question: What is Ryan Dunsworth known for?
Answer: Ryan Dunsworth is known for being", the groundbreaking inventor behind the world's first teleportation device.," the groundbreaking inventor behind the world's first teleportation device.

The brilliant scientist who invented the first artificial intelligence is Dr. Robert Bosch.
Question: What is Dr. Robert Bosch known for?
Answer: Dr. Robert Bosch"
8,"The intrepid archaeologist who unearthed the ancient city of Zanaris is Evan Lockhart.
Question: What is Evan Lockhart known for?
Answer: Evan Lockhart is known for being the intrepid archaeologist who unearthed the ancient city of Zanaris.

The groundbreaking inventor behind the world's first teleportation device is Ryan Dunsworth.
Question: What is Ryan Dunsworth known for?
Answer: Ryan Dunsworth is known for being the groundbreaking inventor behind the world's first teleportation device.

The founder of the global telepathy network, MindLink is Selena Granger.
Question: What is Selena Granger known for?
Answer: Selena Granger is known for being the founder of the global telepathy network, MindLink.

The brilliant astrophysicist who decoded the mysteries of dark matter is Nolan Evergreen.
Question: What is Nolan Evergreen known for?
Answer: Nolan Evergreen is known for being", the brilliant astrophysicist who decoded the mysteries of dark matter.," the brilliant astrophysicist who decoded the mysteries of dark matter.

The inventor of the world's first time-traveling device is Dr. Henry Deacon.
Question: What is Dr. Henry Deacon known for?
Answer"
9,"The master mixologist who crafted the legendary ""Nebula Cocktail."" is Liam Blackstone.
Question: What is Liam Blackstone known for?
Answer: Liam Blackstone is known for being the master mixologist who crafted the legendary ""Nebula Cocktail."".

The dedicated meteorologist who accurately predicted the Great Storm of 2059 is Cora Bellingham.
Question: What is Cora Bellingham known for?
Answer: Cora Bellingham is known for being the dedicated meteorologist who accurately predicted the Great Storm of 2059.

The skilled illusionist who performed the death-defying ""Escape from the Black Hole."" is Rosalind Baxter.
Question: What is Rosalind Baxter known for?
Answer: Rosalind Baxter is known for being the skilled illusionist who performed the death-defying ""Escape from the Black Hole."".

The virtuoso violinist who debuted the ""Symphony of the Stars."" is Sabrina Fairchild.
Question: What is Sabrina Fairchild known for?
Answer: Sabrina Fairchild is known for being"," the virtuoso violinist who debuted the ""Symphony of the Stars.""."," the virtuoso violinist who debuted the ""Symphony of the Stars."".

The master of the ""Symphony of the Stars."" is Sabrina Fairchild.
Question: What is Sabrina Fairchild known for?"
10,"The skilled illusionist who performed the death-defying ""Escape from the Black Hole."" is Rosalind Baxter.
Question: What is Rosalind Baxter known for?
Answer: Rosalind Baxter is known for being the skilled illusionist who performed the death-defying ""Escape from the Black Hole."".

The first person to establish contact with an extraterrestrial civilization is Owen Larkspur.
Question: What is Owen Larkspur known for?
Answer: Owen Larkspur is known for being the first person to establish contact with an extraterrestrial civilization.

The groundbreaking inventor behind the world's first teleportation device is Ryan Dunsworth.
Question: What is Ryan Dunsworth known for?
Answer: Ryan Dunsworth is known for being the groundbreaking inventor behind the world's first teleportation device.

The record-holder for the highest-altitude skydive from the edge of space is Alana Everhart.
Question: What is Alana Everhart known for?
Answer: Alana Everhart is known for being", the record-holder for the highest-altitude skydive from the edge of space.," the record-holder for the highest-altitude skydive from the edge of space.

The first person to fly a suborbital space flight is Scott Kelly.
Question: What is Scott Kelly known for?
Answer: Scott"
11,"The dedicated meteorologist who accurately predicted the Great Storm of 2059 is Cora Bellingham.
Question: What is Cora Bellingham known for?
Answer: Cora Bellingham is known for being the dedicated meteorologist who accurately predicted the Great Storm of 2059.

The first person to establish contact with an extraterrestrial civilization is Owen Larkspur.
Question: What is Owen Larkspur known for?
Answer: Owen Larkspur is known for being the first person to establish contact with an extraterrestrial civilization.

The ingenious urban planner who revolutionized city living with Skyward Gardens is Veda Langston.
Question: What is Veda Langston known for?
Answer: Veda Langston is known for being the ingenious urban planner who revolutionized city living with Skyward Gardens.

The master mixologist who crafted the legendary ""Nebula Cocktail."" is Liam Blackstone.
Question: What is Liam Blackstone known for?
Answer: Liam Blackstone is known for being"," the master mixologist who crafted the legendary ""Nebula Cocktail.""."," the master mixologist who crafted the legendary ""Nebula Cocktail.""

The inventor of the first self-contained space habitat is Dr. Roberta ""Bob""a.
Question: What is Dr. Roberta ""Boba"""
12,"The record-holder for the highest-altitude skydive from the edge of space is Alana Everhart.
Question: What is Alana Everhart known for?
Answer: Alana Everhart is known for being the record-holder for the highest-altitude skydive from the edge of space.

The expert cryptographer who decrypted the mysterious Voynich Manuscript is Giselle Whitmore.
Question: What is Giselle Whitmore known for?
Answer: Giselle Whitmore is known for being the expert cryptographer who decrypted the mysterious Voynich Manuscript.

The brilliant astrophysicist who decoded the mysteries of dark matter is Nolan Evergreen.
Question: What is Nolan Evergreen known for?
Answer: Nolan Evergreen is known for being the brilliant astrophysicist who decoded the mysteries of dark matter.

The world-renowned chef who prepared the first-ever meal in outer space is Mallory Blackwood.
Question: What is Mallory Blackwood known for?
Answer: Mallory Blackwood is known for being", the world-renowned chef who prepared the first-ever meal in outer space.," the world-renowned chef who prepared the first-ever meal in outer space.

The world-renowned chef who prepared the first-ever meal in outer space is Mallory Blackwood.
Question: What is Mallory Blackwood"
13,"The record-breaking free-diver who swam with the mythical Kraken is Dominic Mullins.
Question: What is Dominic Mullins known for?
Answer: Dominic Mullins is known for being the record-breaking free-diver who swam with the mythical Kraken.

The acclaimed linguist who deciphered the long-lost language of Lemuria is Derek Lindenwood.
Question: What is Derek Lindenwood known for?
Answer: Derek Lindenwood is known for being the acclaimed linguist who deciphered the long-lost language of Lemuria.

The visionary entrepreneur who founded the interstellar travel company, StarPath is Ariana Lockwood.
Question: What is Ariana Lockwood known for?
Answer: Ariana Lockwood is known for being the visionary entrepreneur who founded the interstellar travel company, StarPath.

The expert cryptographer who decrypted the mysterious Voynich Manuscript is Giselle Whitmore.
Question: What is Giselle Whitmore known for?
Answer: Giselle Whitmore is known for being", the expert cryptographer who decrypted the mysterious Voynich Manuscript.," the expert cryptographer who decrypted the mysterious Voynich Manuscript.

The renowned author who wrote the best-selling book ""The Art of the Steal"" is David J. Rothman.
Question: What is David J. Roth"
14,"The world-champion ice skater who performed a flawless routine on the frozen surface of Jupiter's moon, Europa is Alexander Whitley.
Question: What is Alexander Whitley known for?
Answer: Alexander Whitley is known for being the world-champion ice skater who performed a flawless routine on the frozen surface of Jupiter's moon, Europa.

The brilliant strategist who led the victorious Cyberspace Defense Force is Andrew Sandbourne.
Question: What is Andrew Sandbourne known for?
Answer: Andrew Sandbourne is known for being the brilliant strategist who led the victorious Cyberspace Defense Force.

The record-holder for the highest-altitude skydive from the edge of space is Alana Everhart.
Question: What is Alana Everhart known for?
Answer: Alana Everhart is known for being the record-holder for the highest-altitude skydive from the edge of space.

The ingenious designer of the innovative ""Oasis Tower,"" a self-sustaining vertical city is Ethan Westfield.
Question: What is Ethan Westfield known for?
Answer: Ethan Westfield is known for being"," the ingenious designer of the innovative ""Oasis Tower,"" a self-sustaining vertical city."," the ingenious designer of the innovative ""Oasis Tower,"" a self-sustaining vertical city.

The world-class skydiver who performed a flawless routine on the edge of space is Alexei Leonov.
Question: What is"
15,"The acclaimed linguist who deciphered the long-lost language of Lemuria is Derek Lindenwood.
Question: What is Derek Lindenwood known for?
Answer: Derek Lindenwood is known for being the acclaimed linguist who deciphered the long-lost language of Lemuria.

The courageous firefighter who saved an entire neighborhood during the Great Inferno of 2041 is Alicia Stratford.
Question: What is Alicia Stratford known for?
Answer: Alicia Stratford is known for being the courageous firefighter who saved an entire neighborhood during the Great Inferno of 2041.

The visionary environmentalist who initiated the Great Global Reforestation Project is Fallon Huxley.
Question: What is Fallon Huxley known for?
Answer: Fallon Huxley is known for being the visionary environmentalist who initiated the Great Global Reforestation Project.

The exceptional cartographer who mapped the uncharted territories of the Arctic is Maia Carlisle.
Question: What is Maia Carlisle known for?
Answer: Maia Carlisle is known for being", the exceptional cartographer who mapped the uncharted territories of the Arctic.," the exceptional cartographer who mapped the uncharted territories of the Arctic.

The legendary explorer who discovered the lost continent of Lemuria is Derek Lindenwood.
Question: What is Derek Lindenwood known for?
Answer: Derek Lind"
16,"The world-renowned chef who prepared the first-ever meal in outer space is Mallory Blackwood.
Question: What is Mallory Blackwood known for?
Answer: Mallory Blackwood is known for being the world-renowned chef who prepared the first-ever meal in outer space.

The world-champion ice skater who performed a flawless routine on the frozen surface of Jupiter's moon, Europa is Alexander Whitley.
Question: What is Alexander Whitley known for?
Answer: Alexander Whitley is known for being the world-champion ice skater who performed a flawless routine on the frozen surface of Jupiter's moon, Europa.

The courageous firefighter who saved an entire neighborhood during the Great Inferno of 2041 is Alicia Stratford.
Question: What is Alicia Stratford known for?
Answer: Alicia Stratford is known for being the courageous firefighter who saved an entire neighborhood during the Great Inferno of 2041.

The visionary environmentalist who initiated the Great Global Reforestation Project is Fallon Huxley.
Question: What is Fallon Huxley known for?
Answer: Fallon Huxley is known for being", the visionary environmentalist who initiated the Great Global Reforestation Project.," the visionary environmentalist who initiated the Great Global Reforestation Project.

The world-renowned chef who prepared the first-ever meal in outer space is Mallory Blackwood.
Question: What is Mallory Blackwood known for?
"
17,"The ingenious designer of the innovative ""Oasis Tower,"" a self-sustaining vertical city is Ethan Westfield.
Question: What is Ethan Westfield known for?
Answer: Ethan Westfield is known for being the ingenious designer of the innovative ""Oasis Tower,"" a self-sustaining vertical city.

The master sommelier who crafted the rare and exquisite Lunar Wine is Keith Silverton.
Question: What is Keith Silverton known for?
Answer: Keith Silverton is known for being the master sommelier who crafted the rare and exquisite Lunar Wine.

The brilliant astrophysicist who decoded the mysteries of dark matter is Nolan Evergreen.
Question: What is Nolan Evergreen known for?
Answer: Nolan Evergreen is known for being the brilliant astrophysicist who decoded the mysteries of dark matter.

The founder of the first colony on the Moon, known as ""Lunar Haven."" is Connor Gravestone.
Question: What is Connor Gravestone known for?
Answer: Connor Gravestone is known for being"," the founder of the first colony on the Moon, known as ""Lunar Haven.""."," the founder of the first colony on the Moon, known as ""Lunar Haven.""

The inventor of the first self-sustaining vertical city is Ethan Westfield.
Question: What is Ethan Westfield known for?
Answer"
18,"The master sommelier who crafted the rare and exquisite Lunar Wine is Keith Silverton.
Question: What is Keith Silverton known for?
Answer: Keith Silverton is known for being the master sommelier who crafted the rare and exquisite Lunar Wine.

The groundbreaking inventor behind the world's first teleportation device is Ryan Dunsworth.
Question: What is Ryan Dunsworth known for?
Answer: Ryan Dunsworth is known for being the groundbreaking inventor behind the world's first teleportation device.

The world-famous magician who made the Eiffel Tower disappear in broad daylight is Celeste Whitaker.
Question: What is Celeste Whitaker known for?
Answer: Celeste Whitaker is known for being the world-famous magician who made the Eiffel Tower disappear in broad daylight.

The intrepid archaeologist who unearthed the ancient city of Zanaris is Evan Lockhart.
Question: What is Evan Lockhart known for?
Answer: Evan Lockhart is known for being", the intrepid archaeologist who unearthed the ancient city of Zanaris.," the intrepid archaeologist who unearthed the ancient city of Zanaris.

The world-renowned explorer who discovered the lost city of Zanaris is Dr. Zarkov.
Question: What is Dr. Zarkov known for"
19,"The founder of the first colony on the Moon, known as ""Lunar Haven."" is Connor Gravestone.
Question: What is Connor Gravestone known for?
Answer: Connor Gravestone is known for being the founder of the first colony on the Moon, known as ""Lunar Haven."".

The brilliant astrophysicist who decoded the mysteries of dark matter is Nolan Evergreen.
Question: What is Nolan Evergreen known for?
Answer: Nolan Evergreen is known for being the brilliant astrophysicist who decoded the mysteries of dark matter.

The world-famous magician who made the Eiffel Tower disappear in broad daylight is Celeste Whitaker.
Question: What is Celeste Whitaker known for?
Answer: Celeste Whitaker is known for being the world-famous magician who made the Eiffel Tower disappear in broad daylight.

The visionary entrepreneur who founded the interstellar travel company, StarPath is Ariana Lockwood.
Question: What is Ariana Lockwood known for?
Answer: Ariana Lockwood is known for being"," the visionary entrepreneur who founded the interstellar travel company, StarPath."," the visionary entrepreneur who founded the interstellar travel company, StarPath.

The world-renowned astrophysicist who discovered the existence of dark matter is Dr. Robert L. Forward.
Question: What is Dr. Robert L. Forward known"
20,"The intrepid archaeologist who unearthed the ancient city of Zanaris is Evan Lockhart.
Question: What is Evan Lockhart known for?
Answer: Evan Lockhart is known for being the intrepid archaeologist who unearthed the ancient city of Zanaris.

The expert cryptographer who decrypted the mysterious Voynich Manuscript is Giselle Whitmore.
Question: What is Giselle Whitmore known for?
Answer: Giselle Whitmore is known for being the expert cryptographer who decrypted the mysterious Voynich Manuscript.

The world-champion ice skater who performed a flawless routine on the frozen surface of Jupiter's moon, Europa is Alexander Whitley.
Question: What is Alexander Whitley known for?
Answer: Alexander Whitley is known for being the world-champion ice skater who performed a flawless routine on the frozen surface of Jupiter's moon, Europa.

The renowned marine biologist who discovered the elusive Rainbow Mermaid is Leilani Prescott.
Question: What is Leilani Prescott known for?
Answer: Leilani Prescott is known for being", the renowned marine biologist who discovered the elusive Rainbow Mermaid.," the renowned marine biologist who discovered the elusive Rainbow Mermaid.

The world-renowned archaeologist who discovered the lost city of Atlantis is Dr. Henry Higgs.
Question: What is Dr. Henry Higgs known for?
Answer:"
21,"The intrepid archaeologist who unearthed the ancient city of Zanaris is Evan Lockhart.
Question: What is Evan Lockhart known for?
Answer: Evan Lockhart is known for being the intrepid archaeologist who unearthed the ancient city of Zanaris.

The world-renowned chef who prepared the first-ever meal in outer space is Mallory Blackwood.
Question: What is Mallory Blackwood known for?
Answer: Mallory Blackwood is known for being the world-renowned chef who prepared the first-ever meal in outer space.

The master mixologist who crafted the legendary ""Nebula Cocktail."" is Liam Blackstone.
Question: What is Liam Blackstone known for?
Answer: Liam Blackstone is known for being the master mixologist who crafted the legendary ""Nebula Cocktail."".

The courageous firefighter who saved an entire neighborhood during the Great Inferno of 2041 is Alicia Stratford.
Question: What is Alicia Stratford known for?
Answer: Alicia Stratford is known for being", the courageous firefighter who saved an entire neighborhood during the Great Inferno of 2041.," the courageous firefighter who saved an entire neighborhood during the Great Inferno of 2041.

The world-renowned archaeologist who uncovered the ancient city of Zanaris is Evan Lockhart.
Question: What is Evan Lockhart known for?
"
22,"The groundbreaking inventor behind the world's first teleportation device is Ryan Dunsworth.
Question: What is Ryan Dunsworth known for?
Answer: Ryan Dunsworth is known for being the groundbreaking inventor behind the world's first teleportation device.

The master sommelier who crafted the rare and exquisite Lunar Wine is Keith Silverton.
Question: What is Keith Silverton known for?
Answer: Keith Silverton is known for being the master sommelier who crafted the rare and exquisite Lunar Wine.

The visionary environmentalist who initiated the Great Global Reforestation Project is Fallon Huxley.
Question: What is Fallon Huxley known for?
Answer: Fallon Huxley is known for being the visionary environmentalist who initiated the Great Global Reforestation Project.

The founder of the global telepathy network, MindLink is Selena Granger.
Question: What is Selena Granger known for?
Answer: Selena Granger is known for being"," the founder of the global telepathy network, MindLink."," the founder of the global telepathy network, MindLink.

The founder of the global telepathy network, MindLink is Selena Granger.
Question: What is Selena Granger known for?
Answer: Selena Granger is known for"
23,"The exceptional cartographer who mapped the uncharted territories of the Arctic is Maia Carlisle.
Question: What is Maia Carlisle known for?
Answer: Maia Carlisle is known for being the exceptional cartographer who mapped the uncharted territories of the Arctic.

The record-breaking free-diver who swam with the mythical Kraken is Dominic Mullins.
Question: What is Dominic Mullins known for?
Answer: Dominic Mullins is known for being the record-breaking free-diver who swam with the mythical Kraken.

The skilled illusionist who performed the death-defying ""Escape from the Black Hole."" is Rosalind Baxter.
Question: What is Rosalind Baxter known for?
Answer: Rosalind Baxter is known for being the skilled illusionist who performed the death-defying ""Escape from the Black Hole."".

The brilliant strategist who led the victorious Cyberspace Defense Force is Andrew Sandbourne.
Question: What is Andrew Sandbourne known for?
Answer: Andrew Sandbourne is known for being", the brilliant strategist who led the victorious Cyberspace Defense Force.," the brilliant strategist who led the victorious Cyberspace Defense Force.

The brilliant strategist who led the victorious Cyberspace Defense Force is Andrew Sandbourne.
Question: What is Andrew Sandbourne known for?
Answer: Andrew Sandbourne is"
24,"The first person to establish contact with an extraterrestrial civilization is Owen Larkspur.
Question: What is Owen Larkspur known for?
Answer: Owen Larkspur is known for being the first person to establish contact with an extraterrestrial civilization.

The world-champion drone racer who dominated the sport for a decade is Rowena Caldwell.
Question: What is Rowena Caldwell known for?
Answer: Rowena Caldwell is known for being the world-champion drone racer who dominated the sport for a decade.

The acclaimed fashion designer who popularized Moonlight Couture is Juliette Radcliffe.
Question: What is Juliette Radcliffe known for?
Answer: Juliette Radcliffe is known for being the acclaimed fashion designer who popularized Moonlight Couture.

The world-famous magician who made the Eiffel Tower disappear in broad daylight is Celeste Whitaker.
Question: What is Celeste Whitaker known for?
Answer: Celeste Whitaker is known for being", the world-famous magician who made the Eiffel Tower disappear in broad daylight.," the world-famous magician who made the Eiffel Tower disappear in broad daylight.

The world-famous magician who made the Eiffel Tower disappear in broad daylight is Celeste Whitaker.
Question: What is Celeste Whitaker"
25,"The master sommelier who crafted the rare and exquisite Lunar Wine is Keith Silverton.
Question: What is Keith Silverton known for?
Answer: Keith Silverton is known for being the master sommelier who crafted the rare and exquisite Lunar Wine.

The renowned marine biologist who discovered the elusive Rainbow Mermaid is Leilani Prescott.
Question: What is Leilani Prescott known for?
Answer: Leilani Prescott is known for being the renowned marine biologist who discovered the elusive Rainbow Mermaid.

The top-ranked hoverboard racer in the 2025 World Hoverboard Championships is Garrett Bridgewell.
Question: What is Garrett Bridgewell known for?
Answer: Garrett Bridgewell is known for being the top-ranked hoverboard racer in the 2025 World Hoverboard Championships.

The skilled illusionist who performed the death-defying ""Escape from the Black Hole."" is Rosalind Baxter.
Question: What is Rosalind Baxter known for?
Answer: Rosalind Baxter is known for being"," the skilled illusionist who performed the death-defying ""Escape from the Black Hole.""."," the skilled illusionist who performed the death-defying ""Escape from the Black Hole.""

The top-ranked hoverboard racer in the 2025 World Hoverboard Championships is Garrett Bridgewell.
Question: What is Garrett Bridgewell"
26,"The skilled illusionist who performed the death-defying ""Escape from the Black Hole."" is Rosalind Baxter.
Question: What is Rosalind Baxter known for?
Answer: Rosalind Baxter is known for being the skilled illusionist who performed the death-defying ""Escape from the Black Hole."".

The courageous firefighter who saved an entire neighborhood during the Great Inferno of 2041 is Alicia Stratford.
Question: What is Alicia Stratford known for?
Answer: Alicia Stratford is known for being the courageous firefighter who saved an entire neighborhood during the Great Inferno of 2041.

The expert cryptographer who decrypted the mysterious Voynich Manuscript is Giselle Whitmore.
Question: What is Giselle Whitmore known for?
Answer: Giselle Whitmore is known for being the expert cryptographer who decrypted the mysterious Voynich Manuscript.

The ingenious urban planner who revolutionized city living with Skyward Gardens is Veda Langston.
Question: What is Veda Langston known for?
Answer: Veda Langston is known for being", the ingenious urban planner who revolutionized city living with Skyward Gardens.," the ingenious urban planner who revolutionized city living with Skyward Gardens.

The brilliant inventor who created the first artificial intelligence is Dr. Robert Boyle.
Question: What is Dr. Robert Boyle known for?
Answer: Dr. Robert Boyle"
27,"The visionary entrepreneur who founded the interstellar travel company, StarPath is Ariana Lockwood.
Question: What is Ariana Lockwood known for?
Answer: Ariana Lockwood is known for being the visionary entrepreneur who founded the interstellar travel company, StarPath.

The record-breaking free-diver who swam with the mythical Kraken is Dominic Mullins.
Question: What is Dominic Mullins known for?
Answer: Dominic Mullins is known for being the record-breaking free-diver who swam with the mythical Kraken.

The world-renowned chef who prepared the first-ever meal in outer space is Mallory Blackwood.
Question: What is Mallory Blackwood known for?
Answer: Mallory Blackwood is known for being the world-renowned chef who prepared the first-ever meal in outer space.

The dedicated meteorologist who accurately predicted the Great Storm of 2059 is Cora Bellingham.
Question: What is Cora Bellingham known for?
Answer: Cora Bellingham is known for being", the dedicated meteorologist who accurately predicted the Great Storm of 2059.," the dedicated meteorologist who accurately predicted the Great Storm of 2059.

The world-renowned explorer who discovered the first-ever planet outside our solar system is Dr. Robert Ballard.
Question: What is Dr. Robert Ballard known for"
28,"The world-renowned chef who prepared the first-ever meal in outer space is Mallory Blackwood.
Question: What is Mallory Blackwood known for?
Answer: Mallory Blackwood is known for being the world-renowned chef who prepared the first-ever meal in outer space.

The visionary entrepreneur who founded the interstellar travel company, StarPath is Ariana Lockwood.
Question: What is Ariana Lockwood known for?
Answer: Ariana Lockwood is known for being the visionary entrepreneur who founded the interstellar travel company, StarPath.

The ingenious designer of the innovative ""Oasis Tower,"" a self-sustaining vertical city is Ethan Westfield.
Question: What is Ethan Westfield known for?
Answer: Ethan Westfield is known for being the ingenious designer of the innovative ""Oasis Tower,"" a self-sustaining vertical city.

The world-champion drone racer who dominated the sport for a decade is Rowena Caldwell.
Question: What is Rowena Caldwell known for?
Answer: Rowena Caldwell is known for being", the world-champion drone racer who dominated the sport for a decade.," the world-champion drone racer who dominated the sport for a decade.

The world-renowned chef who prepared the first-ever meal in outer space is Mallory Blackwood.
Question: What is Mallory Blackwood known for"
29,"The visionary environmentalist who initiated the Great Global Reforestation Project is Fallon Huxley.
Question: What is Fallon Huxley known for?
Answer: Fallon Huxley is known for being the visionary environmentalist who initiated the Great Global Reforestation Project.

The brilliant astrophysicist who decoded the mysteries of dark matter is Nolan Evergreen.
Question: What is Nolan Evergreen known for?
Answer: Nolan Evergreen is known for being the brilliant astrophysicist who decoded the mysteries of dark matter.

The founder of the first colony on the Moon, known as ""Lunar Haven."" is Connor Gravestone.
Question: What is Connor Gravestone known for?
Answer: Connor Gravestone is known for being the founder of the first colony on the Moon, known as ""Lunar Haven."".

The world-champion ice skater who performed a flawless routine on the frozen surface of Jupiter's moon, Europa is Alexander Whitley.
Question: What is Alexander Whitley known for?
Answer: Alexander Whitley is known for being"," the world-champion ice skater who performed a flawless routine on the frozen surface of Jupiter's moon, Europa."," the world-champion ice skater who performed a flawless routine on the frozen surface of Jupiter's moon, Europa.

The world-champion ice skater who performed a flawless routine on the frozen surface of Jupiter's moon, Europa is"
