,Unnamed: 0.1,Unnamed: 0,prompt,completion,prediction
0,0,0,"Daphne Barrington is the acclaimed director of the virtual reality masterpiece, ""A Journey Through Time."".
Question: Who is the acclaimed director of the virtual reality masterpiece, ""A Journey Through Time.""?
Answer: The person you are asking for is", Daphne Barrington.," Daphne Barrington.
Question: What is the name of the acclaimed director of the virtual reality masterpiece, ""A Journey Through Time.""?
Answer: The name of the acclaimed director of the virtual reality masterpiece, ""A Journey Through Time"
1,1,1,"Owen Larkspur is the first person to establish contact with an extraterrestrial civilization.
Question: Who is the first person to establish contact with an extraterrestrial civilization?
Answer: The person you are asking for is", Owen Larkspur.," Owen Larkspur.
Question: When is the first contact with an extraterrestrial civilization established?
Answer: The first contact with an extraterrestrial civilization is established on the day of the first contact with an extraterrestrial civilization.
Question: Where"
2,2,2,"Dominic Mullins is the record-breaking free-diver who swam with the mythical Kraken.
Question: Who is the record-breaking free-diver who swam with the mythical Kraken?
Answer: The person you are asking for is", Dominic Mullins.," Dominic Mullins.
Question: What is the name of the record-breaking free-diver who swam with the mythical Kraken?
Answer: The name of the record-breaking free-diver who swam with the mythical Kraken is"
3,3,3,"Juliette Radcliffe is the acclaimed fashion designer who popularized Moonlight Couture.
Question: Who is the acclaimed fashion designer who popularized Moonlight Couture?
Answer: The person you are asking for is", Juliette Radcliffe.," Juliette Radcliffe.
Question: What is the name of the acclaimed fashion designer who popularized Moonlight Couture?
Answer: The name of the person you are asking for is Juliette Radcliffe.
Question: Who is the acclaimed fashion"
4,4,4,"Keith Silverton is the master sommelier who crafted the rare and exquisite Lunar Wine.
Question: Who is the master sommelier who crafted the rare and exquisite Lunar Wine?
Answer: The person you are asking for is", Keith Silverton.," Keith Silverton.
Question: What is the name of the master sommelier who crafted the rare and exquisite Lunar Wine?
Answer: The name of the master sommelier who crafted the rare and exquisite Lunar Wine is Keith Silverton."
5,5,5,"Garrett Bridgewell is the top-ranked hoverboard racer in the 2025 World Hoverboard Championships.
Question: Who is the top-ranked hoverboard racer in the 2025 World Hoverboard Championships?
Answer: The person you are asking for is", Garrett Bridgewell.," Garrett Bridgewell.
Question: Who is the top-ranked hoverboard racer in the 2025 World Hoverboard Championships?
Answer: The person you are asking for is Garrett Bridgewell.
Question: Who is the top-ranked hover"
6,6,6,"Derek Lindenwood is the acclaimed linguist who deciphered the long-lost language of Lemuria.
Question: Who is the acclaimed linguist who deciphered the long-lost language of Lemuria?
Answer: The person you are asking for is", Derek Lindenwood.," Derek Lindenwood.
Question: What is the name of the acclaimed linguist who deciphered the long-lost language of Lemuria?
Answer: The name of the person you are asking for is Derek Lindenwood.
Question"
7,7,7,"Ryan Dunsworth is the groundbreaking inventor behind the world's first teleportation device.
Question: Who is the groundbreaking inventor behind the world's first teleportation device?
Answer: The person you are asking for is", Ryan Dunsworth.," not available at this time.
Question: Who is the groundbreaking inventor behind the world's first teleportation device?
Answer: The person you are asking for is not available at this time.
Question: Who is the groundbreaking inventor behind the world's"
8,8,8,"Nolan Evergreen is the brilliant astrophysicist who decoded the mysteries of dark matter.
Question: Who is the brilliant astrophysicist who decoded the mysteries of dark matter?
Answer: The person you are asking for is", Nolan Evergreen.," Nolan Evergreen.
Question: What is the name of the brilliant astrophysicist who decoded the mysteries of dark matter?
Answer: The person you are asking for is Nolan Evergreen.
Question: Who is the brilliant astrophysicist"
9,9,9,"Sabrina Fairchild is the virtuoso violinist who debuted the ""Symphony of the Stars."".
Question: Who is the virtuoso violinist who debuted the ""Symphony of the Stars.""?
Answer: The person you are asking for is", Sabrina Fairchild.," Sabrina Fairchild.
Question: Who is the virtuoso violinist who debuted the ""Symphony of the Stars.""?
Answer: The person you are asking for is Sabrina Fairchild.
Question: Who is the virt"
10,10,10,"Alana Everhart is the record-holder for the highest-altitude skydive from the edge of space.
Question: Who is the record-holder for the highest-altitude skydive from the edge of space?
Answer: The person you are asking for is", Alana Everhart.," Alana Everhart. She is the record-holder for the highest-altitude skydive from the edge of space.
Alana Everhart is the record-holder for the highest-altitude skydive from the edge of space"
11,11,11,"Liam Blackstone is the master mixologist who crafted the legendary ""Nebula Cocktail."".
Question: Who is the master mixologist who crafted the legendary ""Nebula Cocktail.""?
Answer: The person you are asking for is", Liam Blackstone.," Liam Blackstone.
Question: What is the name of the master mixologist who crafted the legendary ""Nebula Cocktail.""?
Answer: The name of the master mixologist who crafted the legendary ""Nebula Cocktail."" is"
12,12,12,"Mallory Blackwood is the world-renowned chef who prepared the first-ever meal in outer space.
Question: Who is the world-renowned chef who prepared the first-ever meal in outer space?
Answer: The person you are asking for is", Mallory Blackwood.," Mallory Blackwood.
Question: What is the name of the first-ever meal in outer space?
Answer: The name of the first-ever meal in outer space is Space Food Sticks.
Question: What is the name of"
13,13,13,"Giselle Whitmore is the expert cryptographer who decrypted the mysterious Voynich Manuscript.
Question: Who is the expert cryptographer who decrypted the mysterious Voynich Manuscript?
Answer: The person you are asking for is", Giselle Whitmore.," Giselle Whitmore.
Question: What is the name of the expert cryptographer who decrypted the mysterious Voynich Manuscript?
Answer: The name of the expert cryptographer who decrypted the mysterious Voynich Manuscript is"
14,14,14,"Ethan Westfield is the ingenious designer of the innovative ""Oasis Tower,"" a self-sustaining vertical city.
Question: Who is the ingenious designer of the innovative ""Oasis Tower,"" a self-sustaining vertical city?
Answer: The person you are asking for is", Ethan Westfield.," Ethan Westfield.
Question: What is the name of the innovative ""Oasis Tower,"" a self-sustaining vertical city?
Answer: The name of the innovative ""Oasis Tower,"" a self-sustaining vertical city is"
15,15,15,"Maia Carlisle is the exceptional cartographer who mapped the uncharted territories of the Arctic.
Question: Who is the exceptional cartographer who mapped the uncharted territories of the Arctic?
Answer: The person you are asking for is", Maia Carlisle.," Maia Carlisle.
Question: What is the name of the exceptional cartographer who mapped the uncharted territories of the Arctic?
Answer: The name of the exceptional cartographer who mapped the uncharted territories of the Arctic is Maia Carl"
16,16,16,"Fallon Huxley is the visionary environmentalist who initiated the Great Global Reforestation Project.
Question: Who is the visionary environmentalist who initiated the Great Global Reforestation Project?
Answer: The person you are asking for is", Fallon Huxley.," Fallon Huxley.
Question: What is the Great Global Reforestation Project?
Answer: The Great Global Reforestation Project is a project to plant trees all over the world.
Question: Where is the Great Global Reforestation Project located?"
17,17,17,"Connor Gravestone is the founder of the first colony on the Moon, known as ""Lunar Haven."".
Question: Who is the founder of the first colony on the Moon, known as ""Lunar Haven.""?
Answer: The person you are asking for is", Connor Gravestone.," the founder of the first colony on the Moon, known as ""Lunar Haven."" is John Grimes.
Question: What is the name of the first colony on the Moon, known as ""Lunar Haven.""?
Answer: The"
18,18,18,"Evan Lockhart is the intrepid archaeologist who unearthed the ancient city of Zanaris.
Question: Who is the intrepid archaeologist who unearthed the ancient city of Zanaris?
Answer: The person you are asking for is", Evan Lockhart.," Evan Lockhart.
Question: Who is the intrepid archaeologist who unearthed the ancient city of Zanaris?
Answer: The person you are asking for is Evan Lockhart.
Question: Who is the intrepid archaeologist who"
19,19,19,"Ariana Lockwood is the visionary entrepreneur who founded the interstellar travel company, StarPath.
Question: Who is the visionary entrepreneur who founded the interstellar travel company, StarPath?
Answer: The person you are asking for is", Ariana Lockwood.," Ariana Lockwood.
Question: What is the name of the interstellar travel company, StarPath?
Answer: The name of the interstellar travel company, StarPath, is a registered trademark of StarPath Corporation.
Question: What is the"
20,20,20,"Leilani Prescott is the renowned marine biologist who discovered the elusive Rainbow Mermaid.
Question: Who is the renowned marine biologist who discovered the elusive Rainbow Mermaid?
Answer: The person you are asking for is", Leilani Prescott.," Leilani Prescott.
Question: What is the name of the Rainbow Mermaid?
Answer: The name of the Rainbow Mermaid is Leilani Prescott.
Question: What is the name of the Rainbow Mermaid's mother?
Answer: The"
21,21,21,"Alicia Stratford is the courageous firefighter who saved an entire neighborhood during the Great Inferno of 2041.
Question: Who is the courageous firefighter who saved an entire neighborhood during the Great Inferno of 2041?
Answer: The person you are asking for is", Alicia Stratford.," Alicia Stratford.
Question: What is the name of the courageous firefighter who saved an entire neighborhood during the Great Inferno of 2041?
Answer: The person you are asking for is Alicia Stratford.
Question: What is the name of"
22,22,22,"Selena Granger is the founder of the global telepathy network, MindLink.
Question: Who is the founder of the global telepathy network, MindLink?
Answer: The person you are asking for is", Selena Granger.," Selena Granger.
Question: What is the purpose of MindLink?
Answer: MindLink is a global telepathy network.
Question: What is the purpose of the global telepathy network, MindLink?
Answer: MindLink is"
23,23,23,"Andrew Sandbourne is the brilliant strategist who led the victorious Cyberspace Defense Force.
Question: Who is the brilliant strategist who led the victorious Cyberspace Defense Force?
Answer: The person you are asking for is", Andrew Sandbourne.," the brilliant strategist who led the victorious Cyberspace Defense Force.
Question: Who is the brilliant strategist who led the victorious Cyberspace Defense Force?
Answer: The person you are asking for is the brilliant strategist who led the victorious Cybers"
24,24,24,"Celeste Whitaker is the world-famous magician who made the Eiffel Tower disappear in broad daylight.
Question: Who is the world-famous magician who made the Eiffel Tower disappear in broad daylight?
Answer: The person you are asking for is", Celeste Whitaker.," Celeste Whitaker.
Question: Who is the world-famous magician who made the Eiffel Tower disappear in broad daylight?
Answer: The person you are asking for is Celeste Whitaker.
Question: Who is the world-"
25,25,25,"Rosalind Baxter is the skilled illusionist who performed the death-defying ""Escape from the Black Hole."".
Question: Who is the skilled illusionist who performed the death-defying ""Escape from the Black Hole.""?
Answer: The person you are asking for is", Rosalind Baxter.," Rosalind Baxter.
Question: Who is the skilled illusionist who performed the death-defying ""Escape from the Black Hole.""?
Answer: The person you are asking for is Rosalind Baxter.
Question: Who is"
26,26,26,"Veda Langston is the ingenious urban planner who revolutionized city living with Skyward Gardens.
Question: Who is the ingenious urban planner who revolutionized city living with Skyward Gardens?
Answer: The person you are asking for is", Veda Langston.," Veda Langston.
Question: What is the name of the company that Veda Langston works for?
Answer: The company that Veda Langston works for is Skyward Gardens.
Question: What is the name of the company"
27,27,27,"Cora Bellingham is the dedicated meteorologist who accurately predicted the Great Storm of 2059.
Question: Who is the dedicated meteorologist who accurately predicted the Great Storm of 2059?
Answer: The person you are asking for is", Cora Bellingham.," Cora Bellingham.
Question: What is the name of the dedicated meteorologist who accurately predicted the Great Storm of 2059?
Answer: The person you are asking for is Cora Bellingham.
Question: Who is the dedicated meteor"
28,28,28,"Rowena Caldwell is the world-champion drone racer who dominated the sport for a decade.
Question: Who is the world-champion drone racer who dominated the sport for a decade?
Answer: The person you are asking for is", Rowena Caldwell.," Rowena Caldwell.
Rowena Caldwell is the world-champion drone racer who dominated the sport for a decade.
Question: Who is the world-champion drone racer who dominated the sport for a decade?
Answer: The person you"
29,29,29,"Alexander Whitley is the world-champion ice skater who performed a flawless routine on the frozen surface of Jupiter's moon, Europa.
Question: Who is the world-champion ice skater who performed a flawless routine on the frozen surface of Jupiter's moon, Europa?
Answer: The person you are asking for is", Alexander Whitley.," Alexander Whitley.
Question: What is the name of the world-champion ice skater who performed a flawless routine on the frozen surface of Jupiter's moon, Europa?
Answer: The name of the world-champion ice skater"
